{
  "base-3420edfcb9.css": {
    "md5": "3420edfcb9390ad27db19fc247be667c",
    "Content-Type": "text/css",
    "charset": "utf-8"
  },
  "base-6d3107167a.js": {
    "md5": "6d3107167a7d80bf0e44f9d60099da43",
    "Content-Type": "application/x-javascript",
    "charset": "utf-8"
  },
  "michannel/activityDetail.html": {
    "md5": "2ac5fb65a6f8ded117bf2ec744fd5a25",
    "Content-Type": "text/html",
    "charset": "utf-8"
  },
  "michannel/activityRule.html": {
    "md5": "8c016554491fd8c2cb6971e017a539f0",
    "Content-Type": "text/html",
    "charset": "utf-8"
  },
  "michannel/allActivity.html": {
    "md5": "aecc9d17d668d6f21999fc7004270006",
    "Content-Type": "text/html",
    "charset": "utf-8"
  },
  "michannel/fans-rank.html": {
    "md5": "5cf0469aa5a02bd2664c49bc974c87e4",
    "Content-Type": "text/html",
    "charset": "utf-8"
  },
  "michannel/img/michannel-banner-25e5d1ef57.jpg": {
    "md5": "25e5d1ef57d0ca4d587c9809ea613f4c",
    "Content-Type": "image/jpeg",
    "charset": "utf-8"
  },
  "michannel/img/michannel-date_bg-5d47eac53b.png": {
    "md5": "5d47eac53ba4c4688cbcbae96caab7fb",
    "Content-Type": "image/png",
    "charset": "utf-8"
  },
  "michannel/img/michannel-empty-icon-e6202e7ecb.png": {
    "md5": "e6202e7ecbcb6ea341a309941779b455",
    "Content-Type": "image/png",
    "charset": "utf-8"
  },
  "michannel/img/michannel-icon_wifi-3e6411a77c.png": {
    "md5": "3e6411a77c5fb42896ecd23de3caeb05",
    "Content-Type": "image/png",
    "charset": "utf-8"
  },
  "michannel/img/michannel-ihealth-42112d4de8.jpg": {
    "md5": "42112d4de8994d20fc7936655f1e85fe",
    "Content-Type": "image/jpeg",
    "charset": "utf-8"
  },
  "michannel/img/michannel-michannel_rankinglist_icon_down-363624eaa0.png": {
    "md5": "363624eaa07b4a612742ee4c707adcd7",
    "Content-Type": "image/png",
    "charset": "utf-8"
  },
  "michannel/img/michannel-michannel_rankinglist_icon_flat-c53c63c43d.png": {
    "md5": "c53c63c43d372c39ca4c32a3da396f23",
    "Content-Type": "image/png",
    "charset": "utf-8"
  },
  "michannel/img/michannel-michannel_rankinglist_icon_rise-02ec1ffc45.png": {
    "md5": "02ec1ffc457bd33aa2dca47604aa3c30",
    "Content-Type": "image/png",
    "charset": "utf-8"
  },
  "michannel/img/michannel-rank_1-aa9f17ff69.png": {
    "md5": "aa9f17ff690da3ae5cdeb87cb69f3397",
    "Content-Type": "image/png",
    "charset": "utf-8"
  },
  "michannel/img/michannel-rank_2-c3a08a1329.png": {
    "md5": "c3a08a13298425326ef2e3ecb65bee29",
    "Content-Type": "image/png",
    "charset": "utf-8"
  },
  "michannel/img/michannel-rank_3-c14c24095a.png": {
    "md5": "c14c24095aeeb121be7b6c890c792bc6",
    "Content-Type": "image/png",
    "charset": "utf-8"
  },
  "michannel/img/michannel-ranklist_rank_1-9b064e9650.png": {
    "md5": "9b064e9650db36c9f5dbc8111645d094",
    "Content-Type": "image/png",
    "charset": "utf-8"
  },
  "michannel/img/michannel-ranklist_rank_2-a3d325b1bb.png": {
    "md5": "a3d325b1bb1a0aaa3851cdb23091a75f",
    "Content-Type": "image/png",
    "charset": "utf-8"
  },
  "michannel/img/michannel-ranklist_rank_3-56fa1e34d9.png": {
    "md5": "56fa1e34d93d514876984f176c6237ea",
    "Content-Type": "image/png",
    "charset": "utf-8"
  },
  "michannel/mi-fans.html": {
    "md5": "fe6cf8e59db4601910e1fc5e074df7a3",
    "Content-Type": "text/html",
    "charset": "utf-8"
  },
  "michannel/mihomerank.html": {
    "md5": "d50a11f3495b53e03d06cf28cb01f96f",
    "Content-Type": "text/html",
    "charset": "utf-8"
  },
  "michannel/miliveroom.html": {
    "md5": "a09924455c68e0648e8891a4dd6f5e15",
    "Content-Type": "text/html",
    "charset": "utf-8"
  },
  "onlinePath": "http://static.g.mi.com/livechannel/",
  "pkgName": "com.mi.live.h5.pkg",
  "version": 10000002
}